-- phpMyAdmin SQL Dump
-- version 4.7.0
-- https://www.phpmyadmin.net/
--
-- Host: 127.0.0.1
-- Generation Time: Aug 07, 2018 at 11:16 PM
-- Server version: 10.1.25-MariaDB
-- PHP Version: 7.1.7

SET SQL_MODE = "NO_AUTO_VALUE_ON_ZERO";
SET AUTOCOMMIT = 0;
START TRANSACTION;
SET time_zone = "+00:00";


/*!40101 SET @OLD_CHARACTER_SET_CLIENT=@@CHARACTER_SET_CLIENT */;
/*!40101 SET @OLD_CHARACTER_SET_RESULTS=@@CHARACTER_SET_RESULTS */;
/*!40101 SET @OLD_COLLATION_CONNECTION=@@COLLATION_CONNECTION */;
/*!40101 SET NAMES utf8mb4 */;

--
-- Database: `bachelorpoint`
--

-- --------------------------------------------------------

--
-- Table structure for table `account`
--

CREATE TABLE `account` (
  `id` int(11) NOT NULL,
  `u_id` int(11) NOT NULL,
  `m_id` int(11) NOT NULL,
  `paid_amount` double DEFAULT NULL,
  `day` date NOT NULL
) ENGINE=InnoDB DEFAULT CHARSET=latin1;

--
-- Dumping data for table `account`
--

INSERT INTO `account` (`id`, `u_id`, `m_id`, `paid_amount`, `day`) VALUES
(1, 1, 1, 500, '2018-07-01'),
(2, 6, 1, 2000, '2018-07-01'),
(3, 9, 1, 500, '2018-07-01'),
(4, 5, 1, 0, '2018-07-31'),
(5, 10, 1, 500, '2018-07-31'),
(6, 6, 1, -500, '2018-07-31'),
(7, 6, 1, 500, '2018-07-10'),
(8, 1, 1, -381, '2018-07-31'),
(9, 9, 1, -222, '2018-07-31'),
(10, 1, 1, 300, '2018-08-02'),
(11, 5, 1, 300, '2018-08-02'),
(12, 6, 1, 300, '2018-08-02'),
(13, 8, 1, 300, '2018-08-02'),
(14, 9, 1, 300, '2018-08-02'),
(15, 10, 1, 300, '2018-08-02');

-- --------------------------------------------------------

--
-- Table structure for table `charges`
--

CREATE TABLE `charges` (
  `id` int(11) NOT NULL,
  `m_id` int(11) DEFAULT NULL,
  `maid_bill` int(11) DEFAULT '0',
  `internet_bill` double DEFAULT '0',
  `electric_bill` double DEFAULT '0',
  `service_charge` double DEFAULT '0',
  `others` double DEFAULT '0',
  `month` int(11) NOT NULL,
  `years` year(4) NOT NULL
) ENGINE=InnoDB DEFAULT CHARSET=latin1;

-- --------------------------------------------------------

--
-- Table structure for table `dailybazar`
--

CREATE TABLE `dailybazar` (
  `id` int(11) NOT NULL,
  `u_id` int(11) NOT NULL,
  `m_id` int(11) NOT NULL,
  `item` varchar(255) NOT NULL,
  `quantity` varchar(255) NOT NULL,
  `price` double DEFAULT NULL,
  `day` date DEFAULT NULL
) ENGINE=InnoDB DEFAULT CHARSET=latin1;

--
-- Dumping data for table `dailybazar`
--

INSERT INTO `dailybazar` (`id`, `u_id`, `m_id`, `item`, `quantity`, `price`, `day`) VALUES
(1, 1, 1, 'Daily Bazar', 'I', 957, '2018-07-31'),
(2, 0, 1, 'Groccery', 'I', 3350, '2018-07-31'),
(3, 5, 1, 'I', 'I', 1000, '2018-07-31'),
(4, 6, 1, 'I', 'I', 875, '2018-07-31'),
(5, 8, 1, 'I', 'I', 0, '2018-07-31'),
(6, 9, 1, 'I', 'I', 898, '2018-07-31'),
(7, 10, 1, 'I', 'I', 430, '2018-07-31'),
(8, 7, 1, 'I', 'I', 668, '2018-07-31'),
(9, 7, 1, 'I', 'I', 668, '2018-07-31'),
(10, 7, 1, 'I', 'I', -668, '2018-07-05'),
(11, 0, 1, 'Rice', '25 KG', 1120, '2018-08-02'),
(12, 0, 1, 'Onion', '5 KG', 200, '2018-08-02'),
(13, 0, 1, 'Potato', '5 KG', 120, '2018-08-02'),
(14, 0, 1, 'Oil', '5 Ltr', 500, '2018-08-02'),
(15, 0, 1, 'Transport Costs', 'I', 30, '2018-08-02'),
(16, 5, 1, 'Fish', '2KG', 250, '2018-08-03'),
(17, 5, 1, 'Green Chilies', '250 G', 30, '2018-08-03'),
(18, 5, 1, 'Vegetables', 'I', 100, '2018-08-03'),
(19, 1, 1, 'Fish', '1.2 KG', 350, '2018-08-07'),
(20, 1, 1, 'Vegetables', 'I', 75, '2018-08-07');

-- --------------------------------------------------------

--
-- Table structure for table `dailymeal`
--

CREATE TABLE `dailymeal` (
  `id` int(11) NOT NULL,
  `u_id` int(11) NOT NULL,
  `m_id` int(11) NOT NULL,
  `day` date DEFAULT NULL,
  `breakfast` double DEFAULT NULL,
  `lunch` double DEFAULT NULL,
  `dinner` double DEFAULT NULL
) ENGINE=InnoDB DEFAULT CHARSET=latin1;

--
-- Dumping data for table `dailymeal`
--

INSERT INTO `dailymeal` (`id`, `u_id`, `m_id`, `day`, `breakfast`, `lunch`, `dinner`) VALUES
(18, 1, 1, '2018-07-01', 0, 1, 1),
(19, 5, 1, '2018-07-01', 0, 1, 1),
(20, 6, 1, '2018-07-01', 0, 0, 1),
(21, 7, 1, '2018-07-01', 0, 0, 0),
(22, 8, 1, '2018-07-01', 0, 1, 1),
(23, 9, 1, '2018-07-01', 0, 1, 1),
(24, 10, 1, '2018-07-01', 0, 1, 1),
(25, 1, 1, '2018-07-30', 0, 1, 1),
(26, 5, 1, '2018-07-30', 0, 1, 1),
(27, 6, 1, '2018-07-30', 0, 0, 1),
(28, 7, 1, '2018-07-30', 0, 0, 1),
(29, 8, 1, '2018-07-30', 0, 1, 1),
(30, 9, 1, '2018-07-30', 0, 1, 1),
(31, 10, 1, '2018-07-30', 0, 1, 1),
(32, 1, 1, '2018-07-02', 0, 1, 1),
(33, 5, 1, '2018-07-02', 0, 1, 1),
(34, 6, 1, '2018-07-02', 0, 0, 1),
(35, 7, 1, '2018-07-02', 0, 0, 0),
(36, 8, 1, '2018-07-02', 0, 1, 1),
(37, 9, 1, '2018-07-02', 0, 1, 1),
(38, 10, 1, '2018-07-02', 0, 1, 1),
(39, 1, 1, '2018-07-03', 0, 1, 1),
(40, 5, 1, '2018-07-03', 0, 1, 1),
(41, 6, 1, '2018-07-03', 0, 0, 1),
(42, 7, 1, '2018-07-03', 0, 0, 0),
(43, 8, 1, '2018-07-03', 0, 1, 1),
(44, 9, 1, '2018-07-03', 0, 1, 1),
(45, 10, 1, '2018-07-03', 0, 1, 1),
(46, 1, 1, '2018-07-04', 0, 1, 1),
(47, 5, 1, '2018-07-04', 0, 1, 1),
(48, 6, 1, '2018-07-04', 0, 0, 1),
(49, 7, 1, '2018-07-04', 0, 0, 0),
(50, 8, 1, '2018-07-04', 0, 1, 1),
(51, 9, 1, '2018-07-04', 0, 1, 1),
(52, 10, 1, '2018-07-04', 0, 1, 1),
(53, 1, 1, '2018-07-05', 0, 1, 1),
(54, 5, 1, '2018-07-05', 0, 1, 1),
(55, 6, 1, '2018-07-05', 0, 0, 1),
(56, 7, 1, '2018-07-05', 0, 0, 0),
(57, 8, 1, '2018-07-05', 0, 1, 1),
(58, 9, 1, '2018-07-05', 0, 1, 1),
(59, 10, 1, '2018-07-05', 0, 1, 1),
(60, 1, 1, '2018-07-06', 0, 0, 1),
(61, 5, 1, '2018-07-06', 0, 1, 1),
(62, 6, 1, '2018-07-06', 0, 0, 1),
(63, 7, 1, '2018-07-06', 0, 0, 1),
(64, 8, 1, '2018-07-06', 0, 1, 1),
(65, 9, 1, '2018-07-06', 0, 1, 1),
(66, 10, 1, '2018-07-06', 0, 1, 1),
(67, 1, 1, '2018-07-07', 0, 1, 1),
(68, 5, 1, '2018-07-07', 0, 1, 1),
(69, 6, 1, '2018-07-07', 0, 0, 1),
(70, 7, 1, '2018-07-07', 0, 0, 1),
(71, 8, 1, '2018-07-07', 0, 1, 1),
(72, 9, 1, '2018-07-07', 0, 1, 1),
(73, 10, 1, '2018-07-07', 0, 1, 1),
(74, 1, 1, '2018-07-08', 0, 0, 1),
(75, 5, 1, '2018-07-08', 0, 1, 1),
(76, 6, 1, '2018-07-08', 0, 0, 1),
(77, 7, 1, '2018-07-08', 0, 0, 1),
(78, 8, 1, '2018-07-08', 0, 1, 1),
(79, 9, 1, '2018-07-08', 0, 1, 1),
(80, 10, 1, '2018-07-08', 0, 1, 1),
(81, 1, 1, '2018-07-09', 0, 1, 1),
(82, 5, 1, '2018-07-09', 0, 1, 1),
(83, 6, 1, '2018-07-09', 0, 0, 1),
(84, 7, 1, '2018-07-09', 0, 0, 1),
(85, 8, 1, '2018-07-09', 0, 1, 1),
(86, 9, 1, '2018-07-09', 0, 1, 1),
(87, 10, 1, '2018-07-09', 0, 1, 1),
(88, 1, 1, '2018-07-10', 0, 0, 1),
(89, 5, 1, '2018-07-10', 0, 1, 1),
(90, 6, 1, '2018-07-10', 0, 0, 1),
(91, 7, 1, '2018-07-10', 0, 0, 1),
(92, 8, 1, '2018-07-10', 0, 1, 1),
(93, 9, 1, '2018-07-10', 0, 1, 1),
(94, 10, 1, '2018-07-10', 0, 2, 0),
(95, 1, 1, '2018-07-11', 0, 0, 0),
(96, 5, 1, '2018-07-11', 0, 1, 1),
(97, 6, 1, '2018-07-11', 0, 0, 1),
(98, 7, 1, '2018-07-11', 0, 0, 1),
(99, 8, 1, '2018-07-11', 0, 1, 1),
(100, 9, 1, '2018-07-11', 0, 1, 0),
(101, 10, 1, '2018-07-11', 0, 1, 1),
(102, 1, 1, '2018-07-12', 0, 0, 1),
(103, 5, 1, '2018-07-12', 0, 1, 1),
(104, 6, 1, '2018-07-12', 0, 0, 1),
(105, 7, 1, '2018-07-12', 0, 1, 1),
(106, 8, 1, '2018-07-12', 0, 1, 1),
(107, 9, 1, '2018-07-12', 0, 0, 0),
(108, 10, 1, '2018-07-12', 0, 1, 1),
(109, 1, 1, '2018-07-13', 0, 0, 1),
(110, 5, 1, '2018-07-13', 0, 1, 1),
(111, 6, 1, '2018-07-13', 0, 0, 1),
(112, 7, 1, '2018-07-13', 0, 1, 1),
(113, 8, 1, '2018-07-13', 0, 1, 1),
(114, 9, 1, '2018-07-13', 0, 0, 0),
(115, 10, 1, '2018-07-13', 0, 1, 1),
(116, 1, 1, '2018-07-14', 0, 1, 0),
(117, 5, 1, '2018-07-14', 0, 1, 1),
(118, 6, 1, '2018-07-14', 0, 0, 1),
(119, 7, 1, '2018-07-14', 0, 0, 1),
(120, 8, 1, '2018-07-14', 0, 1, 1),
(121, 9, 1, '2018-07-14', 0, 0, 0),
(122, 10, 1, '2018-07-14', 0, 1, 0),
(123, 1, 1, '2018-07-15', 0, 0, 0),
(124, 5, 1, '2018-07-15', 0, 1, 1),
(125, 6, 1, '2018-07-15', 0, 0, 1),
(126, 7, 1, '2018-07-15', 0, 0, 1),
(127, 8, 1, '2018-07-15', 0, 1, 1),
(128, 9, 1, '2018-07-15', 0, 0, 1),
(129, 10, 1, '2018-07-15', 0, 2, 1),
(130, 1, 1, '2018-07-16', 0, 0, 0),
(131, 5, 1, '2018-07-16', 0, 0, 1),
(132, 6, 1, '2018-07-16', 0, 0, 1),
(133, 7, 1, '2018-07-16', 0, 0, 1),
(134, 8, 1, '2018-07-16', 0, 1, 1),
(135, 9, 1, '2018-07-16', 0, 1, 1),
(136, 10, 1, '2018-07-16', 0, 1, 1),
(137, 1, 1, '2018-07-17', 0, 0, 0),
(138, 5, 1, '2018-07-17', 0, 1, 1),
(139, 6, 1, '2018-07-17', 0, 0, 1),
(140, 7, 1, '2018-07-17', 0, 1, 1),
(141, 8, 1, '2018-07-17', 0, 1, 1),
(142, 9, 1, '2018-07-17', 0, 0, 1),
(143, 10, 1, '2018-07-17', 0, 1, 1),
(144, 1, 1, '2018-07-18', 0, 0, 0),
(145, 5, 1, '2018-07-18', 0, 0, 1),
(146, 6, 1, '2018-07-18', 0, 0, 1),
(147, 7, 1, '2018-07-18', 0, 0, 1),
(148, 8, 1, '2018-07-18', 0, 1, 1),
(149, 9, 1, '2018-07-18', 0, 0, 2),
(150, 10, 1, '2018-07-18', 0, 0, 1),
(151, 1, 1, '2018-07-19', 0, 0, 0),
(152, 5, 1, '2018-07-19', 0, 0, 0),
(153, 6, 1, '2018-07-19', 0, 0, 0),
(154, 7, 1, '2018-07-19', 0, 0, 1),
(155, 8, 1, '2018-07-19', 0, 1, 1),
(156, 9, 1, '2018-07-19', 0, 0, 0),
(157, 10, 1, '2018-07-19', 0, 0, 0),
(158, 1, 1, '2018-07-20', 0, 0, 1),
(159, 5, 1, '2018-07-20', 0, 0, 1),
(160, 6, 1, '2018-07-20', 0, 0, 2),
(161, 7, 1, '2018-07-20', 0, 1, 1),
(162, 8, 1, '2018-07-20', 0, 1, 1),
(163, 9, 1, '2018-07-20', 0, 1, 0),
(164, 10, 1, '2018-07-20', 0, 0, 0),
(165, 1, 1, '2018-07-21', 0, 1, 1),
(166, 5, 1, '2018-07-21', 0, 1, 1),
(167, 6, 1, '2018-07-21', 0, 1, 1),
(168, 7, 1, '2018-07-21', 0, 0, 1),
(169, 8, 1, '2018-07-21', 0, 0, 0),
(170, 9, 1, '2018-07-21', 0, 1, 0),
(171, 10, 1, '2018-07-21', 0, 0, 1),
(172, 1, 1, '2018-07-22', 0, 1, 1),
(173, 5, 1, '2018-07-22', 0, 1, 0),
(174, 6, 1, '2018-07-22', 0, 0, 1),
(175, 7, 1, '2018-07-22', 0, 0, 1),
(176, 8, 1, '2018-07-22', 0, 1, 1),
(177, 9, 1, '2018-07-22', 0, 1, 1),
(178, 10, 1, '2018-07-22', 0, 1, 1),
(179, 1, 1, '2018-07-23', 0, 1, 1),
(180, 5, 1, '2018-07-23', 0, 0, 0),
(181, 6, 1, '2018-07-23', 0, 0, 1),
(182, 7, 1, '2018-07-23', 0, 0, 1),
(183, 8, 1, '2018-07-23', 0, 1, 1),
(184, 9, 1, '2018-07-23', 0, 1, 1),
(185, 10, 1, '2018-07-23', 0, 1, 1),
(186, 1, 1, '2018-07-24', 0, 1, 1),
(187, 5, 1, '2018-07-24', 0, 1, 1),
(188, 6, 1, '2018-07-24', 0, 0, 1),
(189, 7, 1, '2018-07-24', 0, 1, 1),
(190, 8, 1, '2018-07-24', 0, 1, 1),
(191, 9, 1, '2018-07-24', 0, 1, 1),
(192, 10, 1, '2018-07-24', 0, 1, 2),
(193, 1, 1, '2018-07-25', 0, 1, 1),
(194, 5, 1, '2018-07-25', 0, 0, 0),
(195, 6, 1, '2018-07-25', 0, 0, 1),
(196, 7, 1, '2018-07-25', 0, 1, 1),
(197, 8, 1, '2018-07-25', 0, 1, 1),
(198, 9, 1, '2018-07-25', 0, 1, 1),
(199, 10, 1, '2018-07-25', 0, 1, 1),
(200, 1, 1, '2018-07-26', 0, 1, 1),
(201, 5, 1, '2018-07-26', 0, 1, 1),
(202, 6, 1, '2018-07-26', 0, 0, 1),
(203, 7, 1, '2018-07-26', 0, 0, 1),
(204, 8, 1, '2018-07-26', 0, 1, 1),
(205, 9, 1, '2018-07-26', 0, 1, 1),
(206, 10, 1, '2018-07-26', 0, 1, 1),
(207, 1, 1, '2018-07-27', 0, 1, 1),
(208, 5, 1, '2018-07-27', 0, 1, 2),
(209, 6, 1, '2018-07-27', 0, 1, 1),
(210, 7, 1, '2018-07-27', 0, 1, 1),
(211, 8, 1, '2018-07-27', 0, 1, 1),
(212, 9, 1, '2018-07-27', 0, 1, 1),
(213, 10, 1, '2018-07-27', 0, 1, 1),
(214, 1, 1, '2018-07-28', 0, 1, 1),
(215, 5, 1, '2018-07-28', 0, 2, 1),
(216, 6, 1, '2018-07-28', 0, 0, 1),
(217, 7, 1, '2018-07-28', 0, 0, 1),
(218, 8, 1, '2018-07-28', 0, 1, 1),
(219, 9, 1, '2018-07-28', 0, 0, 1),
(220, 10, 1, '2018-07-28', 0, 1, 1),
(221, 1, 1, '2018-07-29', 0, 1, 1),
(222, 5, 1, '2018-07-29', 0, 1, 1),
(223, 6, 1, '2018-07-29', 0, 0, 1),
(224, 7, 1, '2018-07-29', 0, 0, 1),
(225, 8, 1, '2018-07-29', 0, 1, 1),
(226, 9, 1, '2018-07-29', 0, 0, 1),
(227, 10, 1, '2018-07-29', 0, 1, 1),
(228, 1, 1, '2018-07-31', 0, 1, 1),
(229, 5, 1, '2018-07-31', 0, 1, 1),
(230, 6, 1, '2018-07-31', 0, 0, 1),
(231, 7, 1, '2018-07-31', 0, 0, 1),
(232, 8, 1, '2018-07-31', 0, 1, 1),
(233, 9, 1, '2018-07-31', 0, 1, 1),
(234, 10, 1, '2018-07-31', 0, 1, 1),
(235, 1, 1, '2018-08-01', 0, 0, 1),
(236, 5, 1, '2018-08-01', 0, 0, 2),
(237, 6, 1, '2018-08-01', 0, 0, 1),
(238, 7, 1, '2018-08-01', 0, 0, 1),
(239, 8, 1, '2018-08-01', 0, 0, 1),
(240, 9, 1, '2018-08-01', 0, 0, 1),
(241, 10, 1, '2018-08-01', 0, 0, 1),
(242, 1, 1, '2018-08-02', 0, 1, 1),
(243, 5, 1, '2018-08-02', 0, 2, 2),
(244, 6, 1, '2018-08-02', 0, 0, 1),
(245, 7, 1, '2018-08-02', 0, 1, 1),
(246, 8, 1, '2018-08-02', 0, 1, 1),
(247, 9, 1, '2018-08-02', 0, 1, 1),
(248, 10, 1, '2018-08-02', 0, 1, 1),
(249, 1, 1, '2018-08-03', 0, 1, 1),
(250, 5, 1, '2018-08-03', 0, 0, 1),
(251, 6, 1, '2018-08-03', 0, 0, 1),
(252, 7, 1, '2018-08-03', 0, 1, 1),
(253, 8, 1, '2018-08-03', 0, 1, 1),
(254, 9, 1, '2018-08-03', 0, 0, 1),
(255, 10, 1, '2018-08-03', 0, 1, 1),
(256, 1, 1, '2018-08-04', 0, 1, 1),
(257, 5, 1, '2018-08-04', 0, 1, 1),
(258, 6, 1, '2018-08-04', 0, 0, 1),
(259, 7, 1, '2018-08-04', 0, 0, 1),
(260, 8, 1, '2018-08-04', 0, 1, 1),
(261, 9, 1, '2018-08-04', 0, 1, 1),
(262, 10, 1, '2018-08-04', 0, 1, 0),
(263, 1, 1, '2018-08-05', 0, 1, 1),
(264, 5, 1, '2018-08-05', 0, 1, 1),
(265, 6, 1, '2018-08-05', 0, 0, 1),
(266, 7, 1, '2018-08-05', 0, 0, 1),
(267, 8, 1, '2018-08-05', 0, 1, 1),
(268, 9, 1, '2018-08-05', 0, 1, 1),
(269, 10, 1, '2018-08-05', 0, 0, 0),
(270, 1, 1, '2018-08-06', 0, 1, 1),
(271, 5, 1, '2018-08-06', 0, 1, 1),
(272, 6, 1, '2018-08-06', 0, 0, 1),
(273, 7, 1, '2018-08-06', 0, 1, 1),
(274, 8, 1, '2018-08-06', 0, 1, 1),
(275, 9, 1, '2018-08-06', 0, 1, 1),
(276, 10, 1, '2018-08-06', 0, 0, 0),
(277, 1, 1, '2018-08-07', 0, 1, 1),
(278, 5, 1, '2018-08-07', 0, 1, 1),
(279, 6, 1, '2018-08-07', 0, 0, 1),
(280, 7, 1, '2018-08-07', 0, 0, 1),
(281, 8, 1, '2018-08-07', 0, 0, 1),
(282, 9, 1, '2018-08-07', 0, 1, 1),
(283, 10, 1, '2018-08-07', 0, 0, 0);

-- --------------------------------------------------------

--
-- Table structure for table `mess`
--

CREATE TABLE `mess` (
  `id` int(11) NOT NULL,
  `name` varchar(255) NOT NULL,
  `houseno` varchar(255) NOT NULL,
  `roadno` varchar(255) NOT NULL,
  `area` varchar(255) NOT NULL,
  `city` varchar(255) NOT NULL,
  `creator` int(11) NOT NULL
) ENGINE=InnoDB DEFAULT CHARSET=latin1;

--
-- Dumping data for table `mess`
--

INSERT INTO `mess` (`id`, `name`, `houseno`, `roadno`, `area`, `city`, `creator`) VALUES
(1, 'Safe Heaven', 'T23', 'Noorjahan Road', 'Moahammadpur', 'Dhaka', 1),
(2, 'Our Palace', 'P5', '3/1', 'Dhanmandi', 'Dhaka', 2);

-- --------------------------------------------------------

--
-- Table structure for table `user`
--

CREATE TABLE `user` (
  `id` int(11) NOT NULL,
  `m_id` int(11) NOT NULL,
  `firstname` varchar(255) NOT NULL,
  `lastname` varchar(255) NOT NULL,
  `email` varchar(255) NOT NULL,
  `password` varchar(255) NOT NULL,
  `gender` varchar(255) NOT NULL,
  `dob` date NOT NULL,
  `pimg` longtext NOT NULL,
  `cell_no` varchar(255) NOT NULL,
  `role` int(11) NOT NULL DEFAULT '0',
  `date_of_reg` timestamp NOT NULL DEFAULT CURRENT_TIMESTAMP
) ENGINE=InnoDB DEFAULT CHARSET=latin1;

--
-- Dumping data for table `user`
--

INSERT INTO `user` (`id`, `m_id`, `firstname`, `lastname`, `email`, `password`, `gender`, `dob`, `pimg`, `cell_no`, `role`, `date_of_reg`) VALUES
(1, 1, 'Aynon', 'Bhuiyan', 'aynonbiz@gmail.com', 'c0acad3283757e43f503d1e62b0ec273', 'Male', '1994-04-01', '1530736967Aynon-2 copy.jpg', '+88 01627109493 ', 1, '2018-07-04 16:37:40'),
(2, 2, 'Noushin', 'Sayed', 'sayednoushin@gmail.com', '827ccb0eea8a706c4c34a16891f84e7b', 'Female', '1990-11-06', '1530736640Screenshot_9.png', '+88 01828326002', 1, '2018-07-04 17:10:35'),
(3, 0, 'Md. Shakawat Hussain', 'Biplob', 'biplobhussain6@gmail.com', '827ccb0eea8a706c4c34a16891f84e7b', 'Male', '1991-06-27', '1530737472Screenshot_11.png', '+88 01921073079', 0, '2018-07-04 17:42:56'),
(4, 0, 'Nazmul Hoque', 'Niem', 'nazmul@gmail.com', '827ccb0eea8a706c4c34a16891f84e7b', 'Male', '1991-01-01', '', '', 1, '2018-07-05 08:18:19'),
(5, 1, 'Saifur Rahman', 'Sharif', 'saifsharif9@gmail.com', '827ccb0eea8a706c4c34a16891f84e7b', 'Male', '1992-11-06', '15329670991521916372Screenshot_1.png', '+88 01827041767', 0, '2018-07-30 15:54:45'),
(6, 1, 'Abdul Basir', 'Asif', 'asifabdulbasir@gmail.com', '827ccb0eea8a706c4c34a16891f84e7b', 'Male', '1990-04-01', '1532966502151844215912573777_428163360712366_7840681345473217570_n.jpg', '+88 01636955230', 2, '2018-07-30 15:59:55'),
(7, 1, 'Alamgir', 'Hossain', 'alamgir18@gmail.com', '827ccb0eea8a706c4c34a16891f84e7b', 'Male', '1995-03-14', '153296680615219119171519142084alamgir.jpg', '+88 01836111245', 0, '2018-07-30 16:06:00'),
(8, 1, 'Mahbubur', 'Rahman', 'princemahbub50@gmail.com', '827ccb0eea8a706c4c34a16891f84e7b', 'Male', '1999-10-14', '1532967033Screenshot_27.png', '+88 01852202101', 0, '2018-07-30 16:09:06'),
(9, 1, 'Tareq', 'Ullah', 'ullahtareq32@gmail.com', '827ccb0eea8a706c4c34a16891f84e7b', 'Male', '1999-02-11', '1532967318Screenshot_28.png', '+88 01879845297', 0, '2018-07-30 16:13:32'),
(10, 1, 'Ashraful Alam', 'Pavel', 'ashrafulalampavel@gmail.com', '827ccb0eea8a706c4c34a16891f84e7b', 'Male', '2000-09-23', '1532967572Screenshot_29.png', '+88 01625400218', 0, '2018-07-30 16:17:14'),
(11, 2, 'Farzana', 'Hoque', 'farzana@gmail.com', '827ccb0eea8a706c4c34a16891f84e7b', 'Female', '1994-02-01', '', '', 0, '2018-08-03 15:29:58');

--
-- Indexes for dumped tables
--

--
-- Indexes for table `account`
--
ALTER TABLE `account`
  ADD PRIMARY KEY (`id`),
  ADD KEY `u_id` (`u_id`),
  ADD KEY `m_id` (`m_id`);

--
-- Indexes for table `charges`
--
ALTER TABLE `charges`
  ADD PRIMARY KEY (`id`),
  ADD KEY `m_id` (`m_id`);

--
-- Indexes for table `dailybazar`
--
ALTER TABLE `dailybazar`
  ADD PRIMARY KEY (`id`),
  ADD KEY `m_id` (`m_id`),
  ADD KEY `dailybazar_ibfk_1` (`u_id`);

--
-- Indexes for table `dailymeal`
--
ALTER TABLE `dailymeal`
  ADD PRIMARY KEY (`id`),
  ADD KEY `u_id` (`u_id`),
  ADD KEY `m_id` (`m_id`);

--
-- Indexes for table `mess`
--
ALTER TABLE `mess`
  ADD PRIMARY KEY (`id`);

--
-- Indexes for table `user`
--
ALTER TABLE `user`
  ADD PRIMARY KEY (`id`);

--
-- AUTO_INCREMENT for dumped tables
--

--
-- AUTO_INCREMENT for table `account`
--
ALTER TABLE `account`
  MODIFY `id` int(11) NOT NULL AUTO_INCREMENT, AUTO_INCREMENT=16;
--
-- AUTO_INCREMENT for table `charges`
--
ALTER TABLE `charges`
  MODIFY `id` int(11) NOT NULL AUTO_INCREMENT;
--
-- AUTO_INCREMENT for table `dailybazar`
--
ALTER TABLE `dailybazar`
  MODIFY `id` int(11) NOT NULL AUTO_INCREMENT, AUTO_INCREMENT=21;
--
-- AUTO_INCREMENT for table `dailymeal`
--
ALTER TABLE `dailymeal`
  MODIFY `id` int(11) NOT NULL AUTO_INCREMENT, AUTO_INCREMENT=284;
--
-- AUTO_INCREMENT for table `mess`
--
ALTER TABLE `mess`
  MODIFY `id` int(11) NOT NULL AUTO_INCREMENT, AUTO_INCREMENT=3;
--
-- AUTO_INCREMENT for table `user`
--
ALTER TABLE `user`
  MODIFY `id` int(11) NOT NULL AUTO_INCREMENT, AUTO_INCREMENT=12;
--
-- Constraints for dumped tables
--

--
-- Constraints for table `account`
--
ALTER TABLE `account`
  ADD CONSTRAINT `account_ibfk_1` FOREIGN KEY (`u_id`) REFERENCES `user` (`id`),
  ADD CONSTRAINT `account_ibfk_2` FOREIGN KEY (`m_id`) REFERENCES `mess` (`id`);

--
-- Constraints for table `charges`
--
ALTER TABLE `charges`
  ADD CONSTRAINT `charges_ibfk_1` FOREIGN KEY (`m_id`) REFERENCES `mess` (`id`);

--
-- Constraints for table `dailybazar`
--
ALTER TABLE `dailybazar`
  ADD CONSTRAINT `dailybazar_ibfk_2` FOREIGN KEY (`m_id`) REFERENCES `mess` (`id`);

--
-- Constraints for table `dailymeal`
--
ALTER TABLE `dailymeal`
  ADD CONSTRAINT `dailymeal_ibfk_1` FOREIGN KEY (`u_id`) REFERENCES `user` (`id`),
  ADD CONSTRAINT `dailymeal_ibfk_2` FOREIGN KEY (`m_id`) REFERENCES `mess` (`id`);
COMMIT;

/*!40101 SET CHARACTER_SET_CLIENT=@OLD_CHARACTER_SET_CLIENT */;
/*!40101 SET CHARACTER_SET_RESULTS=@OLD_CHARACTER_SET_RESULTS */;
/*!40101 SET COLLATION_CONNECTION=@OLD_COLLATION_CONNECTION */;
